cluster_id,violation_count,centre_lat,centre_lon,dist_to_centre_km,peak_hour_frac,weekend_frac,hour_sin_mean,hour_cos_mean,morning_peak_frac,evening_peak_frac,unique_days,viol_SCOOTER_frac,viol_CAR_frac,viol_MOTOR_CYCLE_frac,viol_PASSENGER_AUTO_frac,viol_MAXI-CAB_frac,spread_km,violation_density,recurrence_score,norm_density,norm_proximity,norm_recurrence,congestion_risk_score,crs_predicted,enforcement_rank,enforcement_tier
23,961,13.191206801748178,77.6461972908949,24.719283468945044,0.3881373569198751,0.3548387096774194,0.15924638489530762,0.3976565672929244,0.14151925078043703,0.24661810613943808,98,0.012486992715920915,0.7304890738813735,0.01768990634755463,0.007284079084287201,0.18730489073881373,0.09410783750267439,34539.96770419213,0.6447368421052632,0.9999999999999711,0.28270036789230657,0.6423841053136267,60.32966943075246,56.15475702157088,1,🟠 HIGH
5,2131,12.841833025933745,77.64606880967126,16.491193126879182,0.6030032848427969,0.44486156733927734,0.7436792623189008,-0.010306006868030114,0.5893946503988737,0.01360863444392304,133,0.36133270764899106,0.2036602534021586,0.3007977475363679,0.025340215861098078,0.01360863444392304,0.19523345117083596,17796.11133723789,0.875,0.5144028742311817,0.5525056040038585,0.8741721845505022,57.31963231813625,55.985577591396904,2,🟠 HIGH
6,244,12.934975759016393,77.53651790614755,6.981075975535345,0.00819672131147541,0.05737704918032787,-0.5045377929390077,0.749123130966323,0.0,0.00819672131147541,39,0.6926229508196722,0.01639344262295082,0.22950819672131148,0.020491803278688523,0.020491803278688523,0.03570152737676816,31067.044891537967,0.2565789473684211,0.8992799926801466,0.86434945802049,0.2516556288857506,52.057033717662605,50.72684820089321,3,🟠 HIGH
65,250,13.050494744400002,77.52553118239999,10.322473029282248,0.016,0.076,0.23014197678577414,0.5054330987739482,0.0,0.016,24,0.632,0.0,0.348,0.0,0.0,0.02250423983293193,31830.988618379066,0.15789473684210525,0.9214355146741885,0.7547825495946552,0.15231788064137539,50.02907281190346,46.975557580626,4,🟡 MEDIUM
24,228,13.04583421885965,77.75027977368421,19.549588401945478,0.18421052631578946,0.32894736842105265,0.4388196983621856,0.3862724669190901,0.15789473684210525,0.02631578947368421,85,0.11842105263157894,0.36403508771929827,0.09649122807017543,0.10964912280701754,0.03508771929824561,0.06611973481226223,16600.561126714016,0.5592105263157895,0.47973011228080736,0.45221853555821256,0.5562913901685014,39.29257538478278,46.01411748960776,5,🟡 MEDIUM
40,174,12.896648908045975,77.72005069310345,17.245773629421066,0.1206896551724138,0.1839080459770115,0.41772220583962494,0.5613864817326679,0.07471264367816093,0.04597701149425287,71,0.3793103448275862,0.1724137931034483,0.22413793103448276,0.040229885057471264,0.034482758620689655,0.023220032882338305,22154.368078391828,0.46710526315789475,0.640798902749657,0.5277623449741611,0.4635761584737511,42.47529191953919,42.83073117133389,6,🟡 MEDIUM
63,241,12.987122598519731,77.5195472514099,7.08126933592671,0.21991701244813278,0.3651452282157676,0.3895686217002579,0.43382146788765186,0.21161825726141079,0.008298755186721992,28,0.6182572614107884,0.012448132780082987,0.33195020746887965,0.008298755186721992,0.004149377593360996,0.07850259727185574,12447.98678239636,0.18421052631578946,0.35929918394809657,0.8610640427985644,0.17880794683987544,40.734209355914416,40.622924380042456,7,🟡 MEDIUM
102,12,13.058760858333335,77.559150575,9.45492625169088,0.8333333333333334,0.3333333333333333,0.7848812662891712,-0.23568078326862785,0.8333333333333334,0.0,6,0.0,0.75,0.0,0.0,0.0,0.06980663915979975,783.858937581694,0.039473684210526314,0.021021858109328894,0.7832300572707906,0.03311258274812508,40.89815867339024,39.98429101189605,8,🟡 MEDIUM
59,148,13.003463336486487,77.72349642094595,15.379918017833418,0.013513513513513514,0.22297297297297297,-0.2757356143743751,0.9092167884849989,0.0,0.013513513513513514,41,0.6148648648648649,0.02702702702702703,0.2972972972972973,0.02027027027027027,0.0,0.018492633739488836,18843.945262080408,0.26973684210526316,0.5447916407754754,0.5889451459529936,0.2649006619850006,36.063184533619086,39.852662697568505,9,🟡 MEDIUM
0,230499,12.979298137348431,77.58171997848619,3.7909770777282947,0.1626210959700476,0.31770636748966374,0.3304061862859049,0.5149002665828771,0.08573572987301463,0.07688536609703296,152,0.3414548436218812,0.2926693825135901,0.13424353250990242,0.1317836519898134,0.02303263788563074,4.669577799755584,3364.8363092084837,1.0,0.09587410038069731,0.9689551867570478,0.9999999989933775,39.97728831254697,39.8346632819036,10,🟡 MEDIUM
2,12633,13.001759815857191,77.68377307512718,11.144801979451502,0.38716061109791816,0.32692155465843425,0.09871349812571688,0.3676161516071867,0.09847225520462281,0.28868835589329533,152,0.21048048761181035,0.2772896382490303,0.10646718910789203,0.2566294625188,0.02928837172484762,1.5510090648279546,1671.5830217141101,1.0,0.046767197431589594,0.7278177682981393,0.9999999989933775,39.1414380900345,39.465988971496415,11,🟡 MEDIUM
7,5152,13.185560880549302,77.68051195237383,25.40510345802213,0.312305900621118,0.2682453416149068,0.08769425801261459,0.45704300761387673,0.1611024844720497,0.15120341614906832,147,0.0025232919254658385,0.7129270186335404,0.0011645962732919255,0.00038819875776397513,0.2692158385093168,0.3623541245300403,12489.917320850536,0.9671052631578947,0.3605152328981742,0.26021181752516187,0.9668874162452524,37.981244596068876,38.663623548639244,12,🟡 MEDIUM
61,243,12.917187581069959,77.59605774814814,6.807510385747257,0.27983539094650206,0.6872427983539094,0.03879133166723543,0.5354124135491086,0.16049382716049382,0.11934156378600823,40,0.3045267489711934,0.3868312757201646,0.16049382716049382,0.04526748971193416,0.00823045267489712,0.13108826938632565,4501.20446419099,0.2631578947368421,0.128830493327531,0.870040803519482,0.2582781454353756,38.36097754840863,38.58660803615404,13,🟡 MEDIUM
33,1273,13.096043239536465,77.59766979600666,13.289126663078571,0.40219952867242736,0.30007855459544386,-0.23911872394584252,0.5332076675794037,0.04556166535742341,0.3566378633150039,118,0.4100549882168107,0.15553809897879026,0.21052631578947367,0.06284367635506677,0.0408483896307934,0.34375854543983936,3429.031896511167,0.7763157894736842,0.09773586937811574,0.657503758179897,0.7748344363061269,37.374948717658384,37.791050876307935,14,🟡 MEDIUM
145,27,12.919249851931097,77.54212892901704,7.895840635619527,0.6666666666666666,0.2962962962962963,0.7810170923394886,-0.10082092767558393,0.6666666666666666,0.0,12,0.18518518518518517,0.25925925925925924,0.07407407407407407,0.3333333333333333,0.0,0.028919283182696126,3437.746770784939,0.07894736842105263,0.09798861389562917,0.8343536406631238,0.07284768204587519,40.47478074969788,37.70402758576314,15,🟡 MEDIUM
136,54,12.940924387037036,77.54849264074073,5.592634965347891,0.7037037037037037,0.1111111111111111,0.620452198319081,-0.0080834945788692,0.7037037037037037,0.0,12,0.3888888888888889,0.14814814814814814,0.09259259259259259,0.2037037037037037,0.0,0.2294862166931559,326.3853632984456,0.07894736842105263,0.007754433454065347,0.9098774771606558,0.07284768204587519,37.901135238267855,37.31201032513428,16,🟡 MEDIUM
110,14,12.885974207142857,77.57078853571429,10.255436942902248,0.5714285714285714,0.5714285714285714,0.973393299129137,-0.16512380826554598,0.5714285714285714,0.0,7,0.21428571428571427,0.14285714285714285,0.2857142857142857,0.21428571428571427,0.0,0.0688200236971266,940.9109599578626,0.046052631578947366,0.025576603980928585,0.7569807130033969,0.0397350992977501,36.432146392377945,36.975385740493756,17,🟡 MEDIUM
21,374,12.90830626637698,77.54736094294216,8.646069074066546,0.4090909090909091,0.3502673796791444,0.6435999951962665,0.09962469636465092,0.37967914438502676,0.029411764705882353,94,0.16310160427807488,0.29411764705882354,0.0855614973262032,0.09358288770053476,0.01871657754010695,0.46827166722769764,542.9076563323313,0.618421052631579,0.0140339070029207,0.8097530890700093,0.6158940391151266,36.575135441717855,36.68567537852176,18,🟡 MEDIUM
70,162,13.047264864814814,77.62832221790123,9.137362363170961,0.6481481481481481,0.25925925925925924,0.5367151988780522,-0.2210632116960896,0.5864197530864198,0.06172839506172839,16,0.5679012345679012,0.05555555555555555,0.35802469135802467,0.0,0.0,0.3002485382659184,572.0096273277153,0.10526315789473684,0.014877908119500738,0.7936432146816398,0.09933774824437525,36.18326485655537,36.53958712132775,19,🟡 MEDIUM
32,334,13.022238621883348,77.63963237380867,7.823889419697694,0.37425149700598803,0.38922155688622756,0.5790519185296233,0.23345652636041392,0.3502994011976048,0.023952095808383235,74,0.4820359281437126,0.23652694610778444,0.2215568862275449,0.005988023952095809,0.020958083832335328,0.32606599804117165,999.9667689497309,0.4868421052631579,0.027289311643841865,0.8367129748455715,0.4834437081226262,35.77232547968413,35.760386999519454,20,🟡 MEDIUM
12,351,12.926769957673342,77.55071879303947,6.682112391335585,0.06552706552706553,0.1623931623931624,0.4057207079650099,0.5140523425425038,0.03133903133903134,0.03418803418803419,46,0.5925925925925926,0.17663817663817663,0.1737891737891738,0.017094017094017096,0.008547008547008548,0.10196092681770526,10747.06052491849,0.3026315789473684,0.30996975327966075,0.874152697541499,0.29801324473312574,34.57423602505762,35.55951297378614,21,🟡 MEDIUM
131,58,12.876004212068965,77.61662020517241,11.800009711137038,0.3620689655172414,0.5344827586206896,0.581145857553408,0.1450141873378125,0.3620689655172414,0.0,30,0.3103448275862069,0.3275862068965517,0.27586206896551724,0.034482758620689655,0.0,0.062253112900329095,4763.826932431069,0.19736842105263158,0.13644694159039228,0.7063330167457949,0.19205297993912548,35.219384814108814,35.031904605380305,22,🟡 MEDIUM
22,64,13.045803084487355,77.52241673777046,10.135797458388822,0.546875,0.203125,-0.10271491233473677,0.29214241042893097,0.171875,0.375,37,0.25,0.3125,0.203125,0.15625,0.0,0.11440189941138501,1556.5519902787519,0.24342105263157895,0.04343112376880589,0.7609037811790563,0.23841059578650062,34.82539591335434,34.79320784871311,23,🟡 MEDIUM
43,218,13.057278428440368,77.54693808440366,9.7644615798182,0.1559633027522936,0.3348623853211009,0.4430930468614443,0.4076955392143145,0.11467889908256881,0.04128440366972477,71,0.1926605504587156,0.48623853211009177,0.21100917431192662,0.027522935779816515,0.0045871559633027525,0.10042294410704168,6880.828317597914,0.46710526315789475,0.1978431794316611,0.7730801623597815,0.4635761584737511,34.26958253405964,34.48278917396124,24,🟡 MEDIUM
143,12,13.055959208333334,77.63244381666667,10.19544956749351,0.5,0.5,0.3134567320019565,0.18823492042521006,0.25,0.25,3,0.3333333333333333,0.3333333333333333,0.16666666666666666,0.0,0.0,0.07437481927547825,690.5251906914358,0.019736842105263157,0.018315038471495043,0.7589477439076544,0.013245033099250032,33.45243155564791,33.55436474900127,25,🟡 MEDIUM
127,32,12.892228190625,77.57208905,9.547210794814271,0.46875,0.28125,0.6563969147934298,0.16847584861529452,0.4375,0.03125,15,0.21875,0.34375,0.0625,0.09375,0.0,0.08540291792660412,1396.54420493815,0.09868421052631579,0.038790656306640275,0.7802039780820926,0.09271523169475024,32.42015484932177,32.54617306111076,26,🟡 MEDIUM
4,1307,13.044453768116302,77.50728893842971,11.18982578622116,0.19051262433052793,0.3152257077276205,0.18949710428202565,0.49686516579093004,0.06809487375669472,0.12241775057383321,141,0.20428462127008415,0.24560061208875286,0.1568477429227238,0.14690130068859986,0.03442999234889059,1.2417751864031452,269.7986424835119,0.9276315789473685,0.006113333077771859,0.7263414040008218,0.9271523169475023,31.92739059275288,32.031671405244836,27,🟡 MEDIUM
46,987,12.881339503226549,77.59672181689874,10.759221914705655,0.2259371833839919,0.3110435663627153,0.35326877618434305,0.5044960271358584,0.17426545086119555,0.05167173252279635,117,0.4457953394123607,0.20871327254305977,0.2553191489361702,0.034447821681864235,0.017223910840932118,0.8460331251248969,438.92725091226964,0.7697368421052632,0.011018318186242375,0.7404612269967881,0.7682119197565019,31.635850122246218,31.867333373169703,28,🟡 MEDIUM
123,15,12.924400295858561,77.6281274708073,7.571866458066906,0.4,0.4,-0.3477076482708661,0.558147416535514,0.0,0.4,11,0.06666666666666667,0.3333333333333333,0.26666666666666666,0.13333333333333333,0.0,0.15565287003190512,197.07299670652316,0.07236842105263158,0.0040041795001836385,0.8449769962456155,0.06622516549625017,31.701937862381246,31.74543422657648,29,🟡 MEDIUM
99,65,12.989001604861926,77.68874434450139,11.413932148758349,0.4461538461538462,0.5384615384615384,-0.27333148517450373,0.6028126841818667,0.046153846153846156,0.4,7,0.46153846153846156,0.12307692307692308,0.26153846153846155,0.1076923076923077,0.015384615384615385,0.2615152865792901,302.5306104293354,0.046052631578947366,0.0070626095889235905,0.7189927887639034,0.0397350992977501,31.562859642329432,31.503366724994873,30,🟡 MEDIUM
14,405,12.888574078959818,77.56260272670094,10.136529244500608,0.19012345679012346,0.2740740740740741,0.7569052250401557,0.24298989499525747,0.1654320987654321,0.024691358024691357,82,0.4962962962962963,0.12098765432098765,0.23209876543209876,0.09382716049382717,0.0049382716049382715,0.19671034532214662,3331.583856101647,0.5394736842105263,0.09490972901369792,0.7608797853651474,0.5364238405196263,31.39750178847247,31.42116915254309,31,🟡 MEDIUM
20,170,12.951352218823528,77.60721419058824,3.822484333482115,0.2235294117647059,0.2411764705882353,0.2871426764152858,0.4104644351267753,0.1411764705882353,0.08235294117647059,42,0.1411764705882353,0.5470588235294118,0.03529411764705882,0.14705882352941177,0.0,0.21003290766207433,1226.6604394885005,0.27631578947368424,0.033863770503920324,0.9679220402765788,0.27152317853462565,31.258904558515045,31.283335372771408,32,🟡 MEDIUM
126,121,12.850803523140495,77.65747107272728,16.15572132656914,0.3884297520661157,0.2727272727272727,0.9826364605211824,-0.11049917268021373,0.3884297520661157,0.0,5,0.512396694214876,0.04132231404958678,0.3884297520661157,0.0,0.0,0.0731404769935467,7199.791519859669,0.03289473684210526,0.20709359408225522,0.563505975235647,0.026490066198500063,31.221312488502495,31.20507971618353,33,🟡 MEDIUM
130,10,12.954835249999999,77.68019488,10.706323969677198,0.5,0.2,0.4464101615137753,0.2146264369941973,0.5,0.0,9,0.3,0.1,0.5,0.0,0.1,0.0372601801788052,1273.2395447351626,0.05921052631578947,0.03521463491251029,0.7421957901766858,0.052980132397000126,31.106229349441584,31.042227992867957,34,🟡 MEDIUM
75,108,12.938216772222223,77.5926268148148,4.4409483949794035,0.027777777777777776,0.3425925925925926,0.49279701549913085,0.6718119110736156,0.027777777777777776,0.0,65,0.1111111111111111,0.2777777777777778,0.05555555555555555,0.21296296296296297,0.009259259259259259,0.05556738768126839,11133.556621231324,0.4276315789473684,0.32117872386428536,0.9476421411503266,0.423841059176001,38.552879120386905,30.715557680487905,35,🟡 MEDIUM
109,13,12.916493992307693,77.52058697692308,9.648154617196868,0.46153846153846156,0.15384615384615385,0.8860365859980527,-0.039725852577376077,0.46153846153846156,0.0,7,0.07692307692307693,0.6923076923076923,0.0,0.0,0.0,0.047134840434324844,1655.2114081557113,0.046052631578947366,0.04629239590953127,0.7768939546502034,0.0397350992977501,30.632387019738243,30.484543444834134,36,🟡 MEDIUM
118,29,12.915535541379311,77.69870208965516,14.189539686691333,0.3103448275862069,0.5862068965517241,0.4537846948402598,0.3169159980784071,0.3103448275862069,0.0,7,0.27586206896551724,0.10344827586206896,0.3103448275862069,0.1724137931034483,0.0,0.0433027852573961,3692.394679731972,0.046052631578947366,0.10537378789364316,0.627978541716029,0.0397350992977501,30.265694058748004,30.310629807919433,37,🟡 MEDIUM
31,112,13.084094077678571,77.63661758125,13.169658358054422,0.32142857142857145,0.375,0.24423711973895504,0.3485063148601345,0.32142857142857145,0.0,31,0.32142857142857145,0.07142857142857142,0.32142857142857145,0.1875,0.07142857142857142,0.2427830054761622,604.8275752229064,0.20394736842105263,0.01582967817905444,0.6614212132520778,0.1986754964887505,27.55493225191026,29.874564334476393,38,🟡 MEDIUM
103,20,12.968659919999999,77.55941170999999,2.8442218119781493,0.15,0.45,-0.11060453093678366,0.622090966383819,0.0,0.15,11,0.45,0.05,0.1,0.3,0.0,0.08299705118539741,924.1762378992098,0.07236842105263158,0.025091271763897655,1.0,0.06622516549625017,29.79044616669892,29.661945492940635,39,🟡 MEDIUM
38,206,13.05431352907727,77.50745474533441,11.932544824974599,0.28640776699029125,0.2961165048543689,0.47575192883702294,0.2601046021765477,0.22815533980582525,0.05825242718446602,78,0.1650485436893204,0.6019417475728155,0.10194174757281553,0.038834951456310676,0.03398058252427184,0.3517686780032318,529.911097171492,0.5131578947368421,0.013656987156316951,0.7019870912399457,0.5099337743211263,29.738433341782244,29.65980881601155,40,🟡 MEDIUM
30,744,13.03429422829196,77.62479054702956,7.7303834936387625,0.07795698924731183,0.4327956989247312,-0.14297875172464994,0.6468842259803667,0.03494623655913978,0.043010752688172046,89,0.06451612903225806,0.4018817204301075,0.038978494623655914,0.013440860215053764,0.02956989247311828,0.4656401058279445,1092.250631111027,0.5855263157894737,0.029965683038714268,0.8397791040941992,0.5827814563670015,29.94907727233911,29.562404987530364,41,🟡 MEDIUM
29,575,12.978982911188861,77.69526599405917,12.045986120111795,0.07652173913043478,0.15304347826086956,0.01883308607054178,0.7036487075046702,0.01391304347826087,0.06260869565217392,87,0.07652173913043478,0.33217391304347826,0.05565217391304348,0.07304347826086957,0.3565217391304348,0.16472832433026507,6744.991561303832,0.5723684210526315,0.19390370832150844,0.6982672663295636,0.5695364232677514,29.890817611391146,29.483450258491303,42,🟡 MEDIUM
71,26,13.072321749999999,77.60490693846154,10.806751981573685,0.5,0.15384615384615385,0.7747529920147807,-0.06895743149282503,0.5,0.0,6,0.19230769230769232,0.46153846153846156,0.3076923076923077,0.0,0.0,0.1969215297940891,213.42096210258092,0.039473684210526314,0.004478295189814182,0.7389026805564112,0.03311258274812508,29.304381308714504,29.41095704770143,43,🟡 MEDIUM
100,106,12.985459871698112,77.74565409339623,17.526931692826487,0.009433962264150943,0.4716981132075472,0.7643177303705073,0.4475325526404993,0.0,0.009433962264150943,7,0.6226415094339622,0.0,0.36792452830188677,0.0,0.0,0.04979294415105874,13496.339174192724,0.046052631578947366,0.3897029868171816,0.5185429617967615,0.0397350992977501,29.360644956193333,29.389926640506776,44,🟡 MEDIUM
82,90,13.068550066666667,77.53030765444444,11.703376676743208,0.4111111111111111,0.24444444444444444,0.5199539132869113,0.09881049570482096,0.35555555555555557,0.05555555555555555,18,0.34444444444444444,0.14444444444444443,0.3111111111111111,0.044444444444444446,0.022222222222222223,0.14029954716316936,1455.392384771297,0.11842105263157894,0.0404973424103326,0.7095016862154906,0.11258278134362526,29.455490744329925,29.356590684576627,45,🟡 MEDIUM
13,200,13.047522586,77.5455325475,8.862889170211485,0.24,0.295,0.3263261744329825,0.35447321717236724,0.23,0.01,53,0.075,0.72,0.015,0.005,0.0,0.3685981852703464,468.56919934803733,0.34868421052631576,0.011877979464214372,0.802643395957497,0.3443708605805008,28.86230580620245,29.341072046323955,46,🟡 MEDIUM
8,483,12.989556180069998,77.5031629377842,8.877098826434581,0.11594202898550725,0.2360248447204969,0.5374061050382675,0.4189072986523892,0.10144927536231885,0.014492753623188406,96,0.42650103519668736,0.21325051759834368,0.2194616977225673,0.08695652173913043,0.0,0.31892722871290563,1511.5205631003978,0.631578947368421,0.04212514436192132,0.8021774507025287,0.6291390722143766,29.068118960704236,29.04545292187517,47,🟡 MEDIUM
93,53,13.081696405819756,77.54826110635493,12.242653045631194,0.1320754716981132,0.2830188679245283,0.2519159799995698,0.5590849687165164,0.05660377358490566,0.07547169811320754,35,0.09433962264150944,0.24528301886792453,0.1320754716981132,0.24528301886792453,0.0,0.04865621352244166,6748.169587096362,0.23026315789473684,0.19399587586981096,0.6918184107544348,0.22516556268725055,29.009954969102697,29.02743857187137,48,🟡 MEDIUM
106,16,12.9699218875,77.497226075,9.450494950500902,0.5,0.0,0.782830229167195,0.0549335863726883,0.5,0.0,5,0.4375,0.375,0.0625,0.0,0.0,0.09977979002286945,511.54628921458016,0.03289473684210526,0.013124379986037315,0.7833753629509836,0.026490066198500063,28.89176122051598,29.02623494019081,49,🟡 MEDIUM
47,52,13.026376003846154,77.72058755961538,15.7615456452579,0.28846153846153844,0.19230769230769232,0.32448409793803196,0.4462549563730484,0.1346153846153846,0.15384615384615385,27,0.19230769230769232,0.28846153846153844,0.09615384615384616,0.1346153846153846,0.0,0.04033296483635933,6620.845632622845,0.17763157894736842,0.19030328887080394,0.5764312906301434,0.17218543029025044,29.045710610598892,28.639421013315417,50,🟡 MEDIUM
107,139,13.143383110647482,77.61783318251798,18.82708435767379,0.5827338129496403,0.1510791366906475,0.020165784026852263,0.2487252971955285,0.2733812949640288,0.30935251798561153,25,0.20863309352517986,0.1223021582733813,0.3237410071942446,0.03597122302158273,0.07913669064748201,0.18243404295377977,1329.3923096897597,0.16447368421052633,0.036843149913375825,0.47590998353122194,0.15894039719100042,28.476250580150076,28.61960411929919,51,🟡 MEDIUM
78,63,12.922129811401469,77.56015456359572,6.668634155524278,0.2698412698412698,0.2857142857142857,0.46579041218111406,0.35776624340599267,0.25396825396825395,0.015873015873015872,22,0.31746031746031744,0.30158730158730157,0.1111111111111111,0.015873015873015872,0.0,0.45967819917011926,94.90363830699293,0.14473684210526316,0.0010411137826366375,0.8745946589741349,0.13907284754212534,28.522235240470838,28.51931588430738,52,🟡 MEDIUM
1,27357,12.940522644709327,77.69606634872554,12.992092626296808,0.09650180940892641,0.16763534013232445,0.16563858572824045,0.6777512836502577,0.04689841722411083,0.04960339218481559,152,0.25225719194356105,0.2762364294330519,0.15769272946595023,0.10768724640859743,0.12007895602588003,2.4974177994036997,1396.1632183237205,1.0,0.03877960711935219,0.6672437263979599,0.9999999989933775,28.79105940361671,28.492610295980413,53,🟡 MEDIUM
49,660,13.12013402453502,77.62155061145842,16.425992352026135,0.3333333333333333,0.3393939393939394,-0.11922245882260166,0.5046216284264302,0.1590909090909091,0.17424242424242425,84,0.11666666666666667,0.3015151515151515,0.08484848484848485,0.031818181818181815,0.3575757575757576,1.2310068408085335,138.6350776963685,0.5526315789473685,0.0023093915800456027,0.5546435861750005,0.5496688736188764,28.3976618922631,28.36789263096162,54,🟡 MEDIUM
77,76,13.055046281578948,77.53489962631579,10.158691578358198,0.17105263157894737,0.3157894736842105,0.4968911388189174,0.2820963344512592,0.06578947368421052,0.10526315789473684,39,0.3026315789473684,0.21052631578947367,0.18421052631578946,0.06578947368421052,0.039473684210526314,0.08890837175213699,3060.401499568314,0.2565789473684211,0.08704503106086021,0.7601530658627302,0.2516556288857506,28.200404219558013,28.25854297688519,55,🟡 MEDIUM
69,15,13.150221320000002,77.61925968,19.60307516781306,0.3333333333333333,0.26666666666666666,0.23662601101918715,0.4281814336833023,0.13333333333333333,0.2,9,0.13333333333333333,0.4,0.06666666666666667,0.0,0.0,0.17040895915036475,164.42071738574296,0.05921052631578947,0.003057214079525604,0.45046466450262046,0.052980132397000126,20.646097106805808,27.818616598140174,56,🟡 MEDIUM
3,417,12.873050883033455,77.54016929496754,12.534859115281478,0.12470023980815348,0.41247002398081534,0.5168438124046566,0.39756711476007883,0.11990407673860912,0.004796163069544364,98,0.05995203836930456,0.6235011990407674,0.06474820143884892,0.13189448441247004,0.045563549160671464,1.0254975874971632,126.21672182715992,0.6447368421052632,0.001949240502259058,0.6822367551894537,0.6423841053136267,27.3790058095164,27.49527805569581,57,🟡 MEDIUM
90,53,12.962153903773585,77.61526084905661,3.773708362585725,0.24528301886792453,0.07547169811320754,-0.05440299963836995,0.34007046687952674,0.22641509433962265,0.018867924528301886,10,0.16981132075471697,0.49056603773584906,0.05660377358490566,0.11320754716981132,0.03773584905660377,0.16757662958013372,600.7573518385695,0.06578947368421052,0.01571163555295,0.9695214408418583,0.05960264894662515,27.423155003486855,27.454718301558657,58,🟡 MEDIUM
138,10,12.912403272597576,77.5586831656373,7.723207557398391,0.2,0.6,-0.34050834150444953,0.8311991041240299,0.0,0.2,8,0.4,0.1,0.1,0.0,0.0,0.19416515268638515,84.43209199796709,0.05263157894736842,0.0007374231226968276,0.8400144084104093,0.04635761584737511,28.289674135976327,27.341940482474875,59,🟡 MEDIUM
51,19,13.032536278947367,77.63693814210527,8.396408276569957,0.2631578947368421,0.5263157894736842,0.043243109265565675,0.4592411789032227,0.21052631578947367,0.05263157894736842,10,0.42105263157894735,0.3157894736842105,0.10526315789473684,0.05263157894736842,0.0,0.1643605080183881,223.87663901796313,0.06578947368421052,0.004781525613368052,0.8179396533414285,0.05960264894662515,28.964278215920597,27.299844110445562,60,🟡 MEDIUM
68,51,12.900130389074048,77.64886297155292,11.085515529199501,0.2549019607843137,0.45098039215686275,0.7326560838326607,0.2224141355268805,0.2549019607843137,0.0,27,0.21568627450980393,0.23529411764705882,0.0784313725490196,0.058823529411764705,0.13725490196078433,0.30605039865905587,173.31430275083235,0.17763157894736842,0.0033151414886253487,0.729761815342285,0.17218543029025044,27.315473503026567,27.297687177022137,61,🟡 MEDIUM
89,82,13.013022274390243,77.6264171012195,6.0663536775708655,0.13414634146341464,0.12195121951219512,-0.12069460383739068,0.6075064153005294,0.12195121951219512,0.012195121951219513,46,0.3170731707317073,0.2926829268292683,0.0975609756097561,0.0975609756097561,0.012195121951219513,0.13076720129846184,1526.3928453603937,0.3026315789473684,0.04255646301162794,0.8943438862922686,0.29801324473312574,26.92965711029093,26.953380810836826,62,🟡 MEDIUM
15,190,13.05931152263158,77.65034776631579,11.607063734899038,0.21578947368421053,0.4105263157894737,0.43688443312050673,0.3548208146611465,0.12105263157894737,0.09473684210526316,51,0.18947368421052632,0.631578947368421,0.06315789473684211,0.010526315789473684,0.0,0.5145563262700874,228.4219760047965,0.3355263157894737,0.004913347251590714,0.7126598596110856,0.3311258274812508,27.236422620839896,26.943641221773145,63,🟡 MEDIUM
92,59,13.026724197740114,77.51934606949152,8.914830009949863,0.3050847457627119,0.2033898305084746,0.20874314737776908,0.4991017105927887,0.0,0.3050847457627119,13,0.0,0.4915254237288136,0.03389830508474576,0.0,0.0,0.20744341588298462,436.4181747695152,0.08552631578947369,0.010945551188213101,0.8009402169758809,0.0794701985955002,26.85761756621262,26.891992435243857,64,🟡 MEDIUM
141,29,13.161279831034483,77.62652933448275,20.968893185423955,0.5517241379310345,0.06896551724137931,0.05350731944537837,0.2634538082918564,0.1724137931034483,0.3793103448275862,11,0.3448275862068966,0.4482758620689655,0.10344827586206896,0.0,0.06896551724137931,0.0382865384037336,3692.394679731972,0.07236842105263158,0.10537378789364316,0.405678470208794,0.06622516549625017,26.94666225610555,26.83033098054536,65,🟡 MEDIUM
52,18,12.948161616666667,77.55920059444445,4.2160308726893545,0.1111111111111111,0.2777777777777778,0.15881774820039712,0.7629659012675207,0.05555555555555555,0.05555555555555555,3,0.3333333333333333,0.3888888888888889,0.05555555555555555,0.2222222222222222,0.0,0.024113519102307898,2291.831180523293,0.019736842105263157,0.06475533090456624,0.9550173549222085,0.013245033099250032,27.054789566652044,26.7977172039508,66,🟡 MEDIUM
10,73,13.010748728767123,77.50631878356164,9.21424017766807,0.1917808219178082,0.2465753424657534,0.1336791627828536,0.5246414130690801,0.0273972602739726,0.1643835616438356,31,0.0821917808219178,0.1643835616438356,0.0547945205479452,0.2191780821917808,0.0,0.1155448047701813,1740.4924399020617,0.20394736842105263,0.04876567464479061,0.7911223336473019,0.1986754964887505,26.776274223003956,26.78968677484239,67,🟡 MEDIUM
57,84,13.018375681628877,77.70766627983912,14.145458836543929,0.30952380952380953,0.36904761904761907,0.246143557444358,0.362388005742149,0.14285714285714285,0.16666666666666666,37,0.15476190476190477,0.40476190476190477,0.11904761904761904,0.023809523809523808,0.07142857142857142,0.27151712984126003,362.6894685149725,0.24342105263157895,0.008807307341680996,0.6294239857604647,0.23841059578650062,26.709412858604566,26.76284584816253,68,🟡 MEDIUM
147,11,13.019980909090908,77.67445861818182,10.879021052023008,0.18181818181818182,0.5454545454545454,-1.9176579516252704e-16,0.5525560020472825,0.09090909090909091,0.09090909090909091,10,0.2727272727272727,0.2727272727272727,0.09090909090909091,0.09090909090909091,0.0,0.04552390002417017,1400.5634992086789,0.06578947368421052,0.038907221911517284,0.7365329236862834,0.05960264894662515,26.68843773009503,26.675771183066143,69,🟡 MEDIUM
124,42,13.067850911904761,77.58040701904763,10.07875273817028,0.2619047619047619,0.23809523809523808,0.6309575076980352,0.2398731864753079,0.2619047619047619,0.0,10,0.047619047619047616,0.7619047619047619,0.047619047619047616,0.023809523809523808,0.0,0.0992478030393733,1357.2430104722528,0.06578947368421052,0.03765086230377333,0.7627743202188132,0.05960264894662515,26.097864503046008,26.54307613476314,70,🟡 MEDIUM
53,210,13.070482256666667,77.63126534761905,11.557192974421723,0.23809523809523808,0.26666666666666666,0.4264445082559707,0.4267378587635912,0.18571428571428572,0.05238095238095238,51,0.3142857142857143,0.37142857142857144,0.18095238095238095,0.05714285714285714,0.03333333333333333,0.441321037546825,343.2101799516809,0.3355263157894737,0.008242378550424537,0.7142951591455176,0.3311258274812508,26.504692326035332,26.520536427529557,71,🟡 MEDIUM
25,96,12.89538556046823,77.56936045168204,9.247234470521297,0.17708333333333334,0.2708333333333333,0.5233193563216675,0.2729964765083002,0.125,0.052083333333333336,54,0.125,0.65625,0.03125,0.10416666666666667,0.010416666666666666,0.2822172741666567,383.6667600681425,0.35526315789473684,0.009415680482335584,0.7900404261081871,0.35099337713012585,26.77570777701342,26.405786844011303,72,🟡 MEDIUM
44,99,12.951589942424242,77.62329063131314,5.119270148615589,0.04040404040404041,0.47474747474747475,-0.1630173562809143,0.7635206161554929,0.030303030303030304,0.010101010101010102,28,0.29292929292929293,0.29292929292929293,0.16161616161616163,0.0707070707070707,0.0,0.5142629260336149,119.15571824946669,0.18421052631578946,0.001744460733057378,0.9253994635312253,0.17880794683987544,26.114700622256027,26.251445065478496,73,🟡 MEDIUM
148,35,12.887441251355401,77.64947620440682,12.246799249644763,0.08571428571428572,0.9428571428571428,0.8031151591380923,0.07784985346833118,0.0,0.08571428571428572,5,0.34285714285714286,0.11428571428571428,0.0,0.05714285714285714,0.0,0.1547016854939493,465.50899883677107,0.03289473684210526,0.011789229027040299,0.6916824536238807,0.026490066198500063,26.082601321837593,26.128056379687003,74,🟡 MEDIUM
149,12,13.044620591666666,77.60104244166666,7.708890721966585,0.0,0.9166666666666666,0.643628572057703,0.31365024022097027,0.0,0.0,4,0.25,0.5,0.16666666666666666,0.0,0.08333333333333333,0.12764415731012352,234.43880139460094,0.02631578947368421,0.005087844276141646,0.8404838681517907,0.01986754964887505,26.353094075856188,26.085444772733364,75,🟡 MEDIUM
79,117,13.022693527148956,77.6582914476106,9.492621060616187,0.13675213675213677,0.36752136752136755,0.009213014087171935,0.6083822180599523,0.07692307692307693,0.05982905982905983,50,0.3418803418803419,0.38461538461538464,0.11965811965811966,0.042735042735042736,0.05982905982905983,0.5287003949496412,133.23450703631286,0.32894736842105265,0.002152766873492932,0.7819940162941528,0.3245033109316258,26.054277369788664,26.062336747184037,76,🟡 MEDIUM
87,52,12.883556637275948,77.75235374470373,21.0014404475351,0.19230769230769232,0.6538461538461539,0.08118227868436376,0.6011067268761822,0.038461538461538464,0.15384615384615385,30,0.09615384615384616,0.4230769230769231,0.057692307692307696,0.038461538461538464,0.0,0.05751728502856195,5003.301968001847,0.19736842105263158,0.14339207934229367,0.40461122114204673,0.19205297993912548,26.37763084536632,26.031655091126414,77,🟡 MEDIUM
85,17,12.92522164117647,77.4987947117647,10.908649919760876,0.35294117647058826,0.0,0.4757910692086977,0.4596733263774006,0.35294117647058826,0.0,4,0.7058823529411765,0.0,0.23529411764705882,0.0,0.0,0.02933687947904265,2164.5072260497764,0.02631578947368421,0.06106274390555924,0.7355613709537054,0.01986754964887505,25.870628364022135,25.99338723970303,78,🟡 MEDIUM
55,127,12.986341761977188,77.47993754543307,11.333209485872283,0.2440944881889764,0.25196850393700787,0.599374779276038,0.2388311961614747,0.2125984251968504,0.031496062992125984,43,0.30708661417322836,0.3700787401574803,0.13385826771653545,0.11023622047244094,0.007874015748031496,0.5749799611119897,122.27802906413591,0.28289473684210525,0.0018350124628460144,0.7216397452524803,0.27814569508425063,25.90052453618621,25.96590531111837,79,🟡 MEDIUM
83,143,12.897693952062015,77.65870928174097,11.992911132303071,0.16783216783216784,0.3076923076923077,0.4889943771559679,0.4100711546460985,0.07692307692307693,0.09090909090909091,61,0.3916083916083916,0.21678321678321677,0.20279720279720279,0.013986013986013986,0.006993006993006993,0.4340424580614226,241.61380020296477,0.40131578947368424,0.005295930079219384,0.7000076348746366,0.397350992977501,25.431747452767695,25.40768135503241,80,🟡 MEDIUM
146,35,13.020979605714285,77.61330012571429,5.798869546311215,0.11428571428571428,0.34285714285714286,0.3334924169220267,0.7049454195316868,0.11428571428571428,0.0,9,0.2857142857142857,0.05714285714285714,0.05714285714285714,0.0,0.0,0.15917092969597316,439.73462719718714,0.05921052631578947,0.011041733318024298,0.9031148910078638,0.052980132397000126,25.264274095972418,25.253712925009445,81,🟡 MEDIUM
72,11,13.057503536363635,77.62657059090908,10.036190041627982,0.18181818181818182,0.36363636363636365,0.6368167125044656,0.14461547956145707,0.18181818181818182,0.0,10,0.45454545454545453,0.2727272727272727,0.09090909090909091,0.09090909090909091,0.0,0.05545207497779901,1138.6944630901585,0.06578947368421052,0.031312624318219365,0.7641699828711093,0.05960264894662515,25.1571861798443,25.166821751833627,82,🟡 MEDIUM
16,51,12.917050117647058,77.50018557647059,11.295248298843369,0.0,0.35294117647058826,0.9523961289749556,0.24993986789942318,0.0,0.0,7,0.7843137254901961,0.0,0.19607843137254902,0.0,0.0,0.026413807159383434,6493.521678149329,0.046052631578947366,0.18661070187179696,0.7228845209663599,0.0397350992977501,24.915827742523476,25.06807013786985,83,🟡 MEDIUM
150,31,12.909757741935485,77.51337037741936,10.730995704894786,0.0,0.7419354838709677,0.9769174952280786,0.17532903055332053,0.0,0.0,2,0.8064516129032258,0.0,0.1935483870967742,0.0,0.0,0.02282323947401761,3947.042588679004,0.013157894736842105,0.11275896189165713,0.741386785526891,0.006622516549625016,26.25987938095175,25.024895285967535,84,🟡 MEDIUM
137,39,13.060786964102563,77.46124334102565,16.22986813950869,0.07692307692307693,0.5897435897435898,0.10307590227777429,0.5409320891933486,0.07692307692307693,0.0,14,0.23076923076923078,0.3076923076923077,0.1794871794871795,0.1282051282051282,0.02564102564102564,0.03924095106327048,4965.634224467134,0.09210526315789473,0.14229965788371307,0.5610746457848997,0.0860927151451252,24.883420913592026,24.985177047789566,85,🟢 LOW
37,99,12.85606866590256,77.58887562227316,13.48853151667663,0.21212121212121213,0.31313131313131315,0.3042516511356056,0.48270071624329375,0.13131313131313133,0.08080808080808081,49,0.24242424242424243,0.40404040404040403,0.030303030303030304,0.050505050505050504,0.010101010101010102,0.3157805748675398,316.01994988079935,0.3223684210526316,0.007453820808286311,0.6509651238953705,0.3178807943820008,24.893337584360875,24.88254976316173,86,🟢 LOW
27,24,13.022622391666667,77.601330075,5.376401726201472,0.125,0.16666666666666666,0.38662995309285497,0.6951250117739108,0.08333333333333333,0.041666666666666664,13,0.625,0.08333333333333333,0.041666666666666664,0.16666666666666666,0.0,0.11335415170513005,594.5474305993253,0.08552631578947369,0.015531538457099425,0.9169679267932759,0.0794701985955002,24.469331034485666,24.569909755561266,87,🟢 LOW
152,19,12.948211215789474,77.48761291578948,10.946715836904971,0.0,1.0,0.7797185673769081,0.3159792642156554,0.0,0.0,2,0.0,0.42105263157894735,0.2631578947368421,0.10526315789473684,0.0,0.2107012404081114,136.22899214072228,0.013157894736842105,0.002239611464606871,0.7343131610610212,0.006622516549625016,24.830874787977915,24.528595034722876,88,🟢 LOW
96,44,13.041945052272728,77.61349398409091,7.863293919327088,0.022727272727272728,0.36363636363636365,0.5940061785501592,0.5008011668584856,0.0,0.022727272727272728,18,0.22727272727272727,0.22727272727272727,0.18181818181818182,0.022727272727272728,0.13636363636363635,0.07555130752158166,2453.6851479843926,0.11842105263157894,0.06944934043683279,0.8354208718320676,0.11258278134362526,24.469517619912214,24.484123724063846,89,🟢 LOW
132,33,12.9835753,77.67983541515152,10.395328412699909,0.18181818181818182,0.0,-0.11326232877485366,0.6031986807237766,0.15151515151515152,0.030303030303030304,10,0.21212121212121213,0.06060606060606061,0.21212121212121213,0.30303030303030304,0.06060606060606061,0.04642071534297105,4201.690497626037,0.06578947368421052,0.12014413588967111,0.7523935670837918,0.05960264894662515,24.394397132735122,24.405792838451557,90,🟢 LOW
66,241,13.049677113278008,77.55316569917012,8.720634406476085,0.07883817427385892,0.12863070539419086,0.19343725251860186,0.6670194471925512,0.02074688796680498,0.058091286307053944,65,0.38589211618257263,0.3278008298755187,0.13692946058091288,0.06224066390041494,0.008298755186721992,0.34361868365189024,649.7011422491073,0.4276315789473684,0.01713107940308322,0.80730803605283,0.423841059176001,24.241420502712906,24.293714764576002,91,🟢 LOW
84,89,13.003424160674157,77.6623830752809,8.965090646070369,0.056179775280898875,0.43820224719101125,0.3465502444523468,0.45986799813946627,0.033707865168539325,0.02247191011235955,14,0.43820224719101125,0.11235955056179775,0.4157303370786517,0.0,0.0,0.12976372671378775,1682.4164833065997,0.09210526315789473,0.04708138418141277,0.7992921331275203,0.0860927151451252,24.281135114283693,24.221001231721342,92,🟢 LOW
144,16,12.88212209375,77.6097102375,10.93925831180894,0.125,0.5625,0.44831453796722587,0.4528852995279126,0.125,0.0,10,0.6875,0.125,0.1875,0.0,0.0,0.14360903937823463,246.9485927518542,0.06578947368421052,0.005450647121192236,0.734557698886409,0.05960264894662515,24.22795311643616,24.192698758304882,93,🟢 LOW
105,10,13.021293980600309,77.678451684,11.332125279028705,0.2,0.3,0.5763802882651643,0.36906706976806575,0.2,0.0,8,0.0,0.6,0.0,0.1,0.3,0.05226720160128904,1165.176267675201,0.05263157894736842,0.03208063665121136,0.7216752972057603,0.04635761584737511,24.01990438538136,23.99741979643524,94,🟢 LOW
129,10,12.895523979999998,77.62600662,10.162027004572645,0.2,0.3,0.4449489742783178,0.282842712474619,0.2,0.0,7,0.7,0.1,0.1,0.0,0.0,0.12005445283781922,220.84805654037976,0.046052631578947366,0.004693692146928939,0.7600436947425906,0.0397350992977501,23.762504112971826,23.74446209958548,95,🟢 LOW
120,26,12.8919736,77.63202441153847,10.814187301229687,0.0,0.5769230769230769,0.31224618765830875,0.3190697185868101,0.0,0.0,2,0.0,0.8461538461538461,0.0,0.038461538461538464,0.0,0.05540476743696315,2696.0578254122506,0.013157894736842105,0.07647851417939655,0.7386588708640095,0.006622516549625016,23.285381348286087,23.632959339085126,96,🟢 LOW
119,21,12.872741714285715,77.56621185238095,11.785696256031459,0.14285714285714285,0.23809523809523808,0.8441622195386926,0.107128042751139,0.14285714285714285,0.0,10,0.09523809523809523,0.19047619047619047,0.19047619047619047,0.2857142857142857,0.0,0.09965323099955485,673.110947118072,0.06578947368421052,0.017809999104139235,0.706802365643751,0.05960264894662515,21.307804723367095,23.3032637494051,97,🟢 LOW
76,21,13.008323309523808,77.48431117142857,11.350993945824452,0.2857142857142857,0.0,0.9902645217968766,-0.07394829860072014,0.2857142857142857,0.0,3,0.47619047619047616,0.0,0.38095238095238093,0.09523809523809523,0.0,0.06679284332841258,1498.3371894471636,0.019736842105263157,0.041742806612860055,0.7210565795096371,0.013245033099250032,23.15743729549249,23.172696847751325,98,🟢 LOW
36,26,12.939616619230769,77.63208189615385,6.676173351946378,0.07692307692307693,0.2692307692307692,-0.24525443397441743,0.686359086811239,0.07692307692307693,0.0,15,0.038461538461538464,0.5384615384615384,0.038461538461538464,0.038461538461538464,0.038461538461538464,0.21408818479274136,180.56687231730814,0.09868421052631579,0.0035254769608567956,0.8743474430848833,0.09271523169475024,23.152877487659772,23.110510674774268,99,🟢 LOW
135,120,12.855131576302032,77.66392578434504,16.10371318924666,0.23333333333333334,0.24166666666666667,0.2687772506602888,0.4640691576814922,0.09166666666666666,0.14166666666666666,27,0.325,0.25833333333333336,0.2,0.08333333333333333,0.0,0.14596403018810583,1792.832354685007,0.17763157894736842,0.0502836112314746,0.5652113609553778,0.17218543029025044,23.03600791511167,23.080065682727323,100,🟢 LOW
42,66,12.999582274242425,77.48876855151515,10.625002515729506,0.16666666666666666,0.24242424242424243,0.7658196806809484,0.1690022743691856,0.16666666666666666,0.0,12,0.42424242424242425,0.22727272727272727,0.16666666666666666,0.13636363636363635,0.0,0.15620462611931615,861.006201372791,0.07894736842105263,0.023259245288056694,0.7448623814720097,0.07284768204587519,23.03070712589002,23.079218009212397,101,🟢 LOW
115,23,13.019125069565217,77.61873314347825,5.976334438414825,0.0,0.391304347826087,0.22171895406848324,0.7228070384664168,0.0,0.0,14,0.13043478260869565,0.43478260869565216,0.0,0.0,0.0,0.11546196263058248,549.1615125639483,0.09210526315789473,0.014215278279912662,0.8972956844696546,0.0860927151451252,23.217419058902156,23.038899554258393,102,🟢 LOW
116,11,12.99164858181818,77.52097507272728,7.025329926223572,0.09090909090909091,0.18181818181818182,0.7523267971728366,0.36225144756302374,0.0,0.09090909090909091,4,0.0,0.0,0.0,0.0,0.0,0.03199924391542787,1400.5634992086789,0.02631578947368421,0.038907221911517284,0.8628983378798587,0.01986754964887505,22.909304111898123,23.02933048540517,103,🟢 LOW
151,65,13.01418027076923,77.49186424,10.804389900080112,0.27692307692307694,0.0,0.46383215289851076,0.28908406718120666,0.26153846153846155,0.015384615384615385,9,0.2,0.3076923076923077,0.2153846153846154,0.15384615384615385,0.0,0.1553157450879462,857.694282604546,0.05921052631578947,0.023163194641216845,0.738980134975188,0.052980132397000126,23.04319275899327,23.028749272556592,104,🟢 LOW
28,106,13.035396431132076,77.7352972009434,17.60807645258204,0.16037735849056603,0.4716981132075472,-0.026756054326056076,0.5372661626611105,0.0660377358490566,0.09433962264150944,38,0.2641509433962264,0.27358490566037735,0.29245283018867924,0.02830188679245283,0.009433962264150943,0.15331266768421847,1435.4891406944955,0.25,0.0399201182688114,0.5158821644361475,0.24503311233612562,22.89159364583223,22.877346239471677,105,🟢 LOW
125,20,12.92940037,77.56749911,5.621182351856874,0.0,0.25,0.7493112827707533,0.3518239093554617,0.0,0.0,5,0.65,0.1,0.1,0.05,0.0,0.10854491683834633,540.3325648818854,0.03289473684210526,0.013959225461254098,0.9089413870064135,0.026490066198500063,21.432301293257165,22.799560160426655,106,🟢 LOW
19,139,12.912926747547855,77.4820446337977,13.175344520641325,0.050359712230215826,0.2517985611510791,0.23258745170205614,0.6278655683405883,0.050359712230215826,0.0,57,0.15827338129496402,0.460431654676259,0.05755395683453238,0.1223021582733813,0.0,0.30007652005070357,491.3612434457017,0.375,0.012538983169792298,0.6612347597281678,0.3708609267790009,21.149147290562283,22.412938059781688,107,🟢 LOW
73,15,13.014524986666666,77.57426195333332,4.277200482638387,0.0,0.2,0.3403256173369167,0.8791989413415322,0.0,0.0,6,0.0,1.0,0.0,0.0,0.0,0.09165259002823928,568.3971632579143,0.039473684210526314,0.014773141204950484,0.9530115576631805,0.03311258274812508,21.90841692291813,22.134938995240063,108,🟢 LOW
134,18,13.071755327777778,77.50350499444444,13.660716674138094,0.16666666666666666,0.4444444444444444,0.2190521899780773,0.6687075507017716,0.16666666666666666,0.0,6,0.3888888888888889,0.16666666666666666,0.3888888888888889,0.0,0.0,0.13818372150325134,300.0605237205649,0.039473684210526314,0.006990973343372301,0.645319043804795,0.03311258274812508,22.093301881706292,22.110243870030885,109,🟢 LOW
9,81,12.8760474654321,77.67100396049383,14.67708924030344,0.20987654320987653,0.14814814814814814,0.5498656183628823,0.2747657495572592,0.20987654320987653,0.0,26,0.2839506172839506,0.2716049382716049,0.1111111111111111,0.1111111111111111,0.04938271604938271,0.16473288698618188,950.1113954116125,0.17105263157894737,0.02584343050608797,0.6119914272143949,0.16556291374062543,21.528372811135625,22.0800870784774,110,🟢 LOW
41,102,13.057986376470588,77.46971412745098,15.302314463264313,0.17647058823529413,0.3627450980392157,0.336310768840013,0.41560213372911947,0.14705882352941177,0.029411764705882353,32,0.12745098039215685,0.35294117647058826,0.0784313725490196,0.049019607843137254,0.0196078431372549,0.40287415122301595,200.0375339583576,0.21052631578947367,0.00409015555833751,0.5914898245470739,0.2052980130383755,22.065147752141556,22.015393886385528,111,🟢 LOW
80,70,12.903179446078326,77.64152167145994,10.325992412983373,0.014285714285714285,0.5,0.6228615175786125,0.5569730602538295,0.014285714285714285,0.0,10,0.0,0.2571428571428571,0.0,0.02857142857142857,0.0,0.15961517949833096,874.5804921962872,0.06578947368421052,0.023652920225525023,0.7546671463709455,0.05960264894662515,21.874364481921393,22.005083090973695,112,🟢 LOW
26,780,12.832367779105308,77.68121381606198,19.24662096640869,0.1935897435897436,0.17435897435897435,0.3204270248270166,0.4089324084604188,0.11538461538461539,0.0782051282051282,90,0.3641025641025641,0.1858974358974359,0.30128205128205127,0.021794871794871794,0.002564102564102564,1.2460849812986958,159.90034719705403,0.5921052631578947,0.0029261165161607815,0.46215306435904624,0.5894039729166265,21.82284842774615,21.97605948289714,113,🟢 LOW
58,68,12.907726597180858,77.53302121786982,9.512277436116293,0.0,0.16176470588235295,0.06294469067878702,0.9302216095845478,0.0,0.0,39,0.11764705882352941,0.014705882352941176,0.3382352941176471,0.0,0.0,0.09066168199717634,2633.36764909115,0.2565789473684211,0.07466040437432524,0.7813494690404856,0.2516556288857506,22.374306881592133,21.953052161365434,114,🟢 LOW
101,18,12.983466883333334,77.76834422222221,19.973782400644644,0.2777777777777778,0.5,0.3622665398112693,0.4042273697987808,0.2777777777777778,0.0,9,0.3333333333333333,0.3333333333333333,0.16666666666666666,0.0,0.0,0.1042370244564569,527.3253157010607,0.05921052631578947,0.013581995587923796,0.438308897085843,0.052980132397000126,21.71579355570864,21.839415053959577,115,🟢 LOW
18,69,13.00458033478261,77.71197179130435,14.182106636444278,0.10144927536231885,0.4057971014492754,0.3350399106670601,0.561396921768538,0.08695652173913043,0.014492753623188406,39,0.3333333333333333,0.15942028985507245,0.17391304347826086,0.15942028985507245,0.0,0.30701676356154234,233.01025737125062,0.2565789473684211,0.0050464143416886625,0.6282222769928141,0.2516556288857506,21.851829229223615,21.765764896054996,116,🟢 LOW
112,19,12.891824736842105,77.58144459473684,9.50735350081485,0.15789473684210525,0.10526315789473684,0.6613592762522998,0.13581253269201446,0.10526315789473684,0.05263157894736842,7,0.42105263157894735,0.2631578947368421,0.15789473684210525,0.0,0.05263157894736842,0.09128391033069062,725.7971472629921,0.046052631578947366,0.019337978489374862,0.7815109285616351,0.0397350992977501,21.704398811338326,21.70032827477648,117,🟢 LOW
81,45,13.010573389711201,77.65960164513851,8.979219092204017,0.022222222222222223,0.2222222222222222,0.1017608025433135,0.7370609192695645,0.0,0.022222222222222223,19,0.28888888888888886,0.35555555555555557,0.13333333333333333,0.022222222222222223,0.022222222222222223,0.29779596373091427,161.51952429386154,0.125,0.002973075097689954,0.7988288508121222,0.11920529789325031,20.050465401371873,21.684620734040383,118,🟢 LOW
39,28,12.890040580229508,77.66980640643347,13.429871105477414,0.14285714285714285,0.39285714285714285,-0.4537384974696976,0.7108742419343138,0.0,0.14285714285714285,17,0.03571428571428571,0.5357142857142857,0.21428571428571427,0.07142857142857142,0.0,0.3019296416810895,97.7679829709743,0.1118421052631579,0.001124184104404665,0.6528886426507603,0.10596026479400025,21.656721944609373,21.681186060729683,119,🟢 LOW
64,98,12.94004631020408,77.49349123061225,10.661054885701786,0.02040816326530612,0.3877551020408163,0.44966618347974985,0.42050715591087356,0.01020408163265306,0.01020408163265306,33,0.1326530612244898,0.5,0.07142857142857142,0.030612244897959183,0.01020408163265306,0.37075146281136195,226.93968961644,0.21710526315789475,0.00487035870737621,0.7436801972970228,0.21192052958800053,21.551026898619448,21.581290060174673,120,🟢 LOW
50,186,12.941029576307926,77.74736830626455,18.145756946608916,0.1774193548387097,0.1935483870967742,0.2958340565110918,0.49970245056028717,0.10752688172043011,0.06989247311827956,63,0.26881720430107525,0.27956989247311825,0.12365591397849462,0.0913978494623656,0.021505376344086023,0.2570685591372909,895.9115692289797,0.4144736842105263,0.024271553679468844,0.49825121890534363,0.410596026076751,21.291456759591277,21.22770514924306,121,🟢 LOW
54,36,12.91540688611111,77.61574693611111,7.687115849050601,0.027777777777777776,0.1111111111111111,0.18399234324883165,0.498910912031331,0.027777777777777776,0.0,7,0.6111111111111112,0.08333333333333333,0.2777777777777778,0.0,0.027777777777777776,0.079823390517853,1798.4248169072523,0.046052631578947366,0.050445801083177616,0.8411978825201504,0.0397350992977501,20.79246723684728,20.838966899847268,122,🟢 LOW
17,765,12.987050153464054,77.73370944836601,16.246383362937898,0.10196078431372549,0.09281045751633987,0.22075462471689886,0.5003632719344454,0.043137254901960784,0.058823529411764705,64,0.4235294117647059,0.06013071895424837,0.47843137254901963,0.01437908496732026,0.00261437908496732,0.36007435987232755,1878.1365647309328,0.42105263157894735,0.052757562172431806,0.5605330992569074,0.417218542626376,20.70648627044356,20.828720873863745,123,🟢 LOW
139,16,12.917984225,77.56454016250001,6.926979043085957,0.0625,0.0,0.8009909241787755,0.27066083828886484,0.0625,0.0,4,0.0625,0.125,0.0,0.0625,0.0,0.08726876618705813,668.7325122539273,0.02631578947368421,0.01768301787957554,0.8661233368946437,0.01986754964887505,19.70254786016677,20.559591400406827,124,🟢 LOW
67,49,13.07926193877551,77.55914790408164,11.658429249829652,0.16326530612244897,0.14285714285714285,0.1359853113407111,0.46261019621049926,0.12244897959183673,0.04081632653061224,10,0.2653061224489796,0.4897959183673469,0.20408163265306123,0.0,0.0,0.26005315886921015,230.63326132415074,0.06578947368421052,0.004977477865936664,0.7109755459602018,0.05960264894662515,20.499953215610724,20.532736957127458,125,🟢 LOW
98,26,12.9345223463217,77.56014059102584,5.421061634922524,0.0,0.15384615384615385,-0.03579421714919198,0.6619463864568134,0.0,0.0,14,0.07692307692307693,0.38461538461538464,0.11538461538461539,0.07692307692307693,0.038461538461538464,0.3323529926893487,74.92457493490588,0.09210526315789473,0.0004616907670292269,0.9155034949851318,0.0860927151451252,20.72561776646145,20.5212174160974,126,🟢 LOW
117,18,12.89804945,77.60645688888889,9.137265651500202,0.05555555555555555,0.16666666666666666,-0.29342770546551905,0.6362726163724245,0.0,0.05555555555555555,13,0.2222222222222222,0.2222222222222222,0.05555555555555555,0.0,0.0,0.08241185167975516,843.6130473289896,0.08552631578947369,0.022754817548913342,0.7936463859296548,0.0794701985955002,20.51960387431562,20.482260306567845,127,🟢 LOW
11,277,13.007823177511055,77.75837143418664,19.190641454488432,0.06859205776173286,0.4223826714801444,0.3940428495195053,0.5756578594547392,0.06498194945848375,0.0036101083032490976,78,0.1624548736462094,0.592057761732852,0.13357400722021662,0.036101083032490974,0.0,0.6107573801062753,236.37005126653767,0.5131578947368421,0.005143853439526773,0.4639886744220323,0.5099337743211263,20.497774260880107,20.458022610237865,128,🟢 LOW
56,397,13.099034148110832,77.58342813198992,13.551400397063562,0.027707808564231738,0.345088161209068,0.3548529584350089,0.574963514106533,0.017632241813602016,0.010075566750629723,61,0.3501259445843829,0.29974811083123426,0.24937027707808565,0.04785894206549118,0.0025188916876574307,0.6274596048701367,320.9734355316086,0.40131578947368424,0.007597479374261424,0.6489036062877982,0.397350992977501,21.361070659826602,20.430557798975762,129,🟢 LOW
62,14,13.031536792857143,77.50365327142858,10.601259362308337,0.14285714285714285,0.0,-0.6103071124522739,0.7169281170110386,0.0,0.14285714285714285,8,0.0,0.14285714285714285,0.0,0.5,0.0,0.02517099087014177,1782.5353626292276,0.05263157894736842,0.04998498290853826,0.7456409372302129,0.04635761584737511,20.697297876305424,20.418261309521288,130,🟢 LOW
133,12,13.021269183333333,77.70137299166667,13.613389220565852,0.0,0.5,0.3969835735543034,0.5726842706693926,0.0,0.0,8,0.0,0.08333333333333333,0.0,0.0,0.16666666666666666,0.0559931754317717,1218.319452147893,0.05263157894736842,0.03362186927221442,0.6468709464036684,0.04635761584737511,19.577760511074626,20.392859343514086,131,🟢 LOW
74,15,13.02471522,77.51106495777778,9.511392904212734,0.06666666666666667,0.2,0.3032926776858537,0.6536041933740565,0.0,0.06666666666666667,12,0.2,0.26666666666666666,0.06666666666666667,0.13333333333333333,0.0,0.12369830544069815,312.04259860960735,0.07894736842105263,0.0073384716137438,0.7813784735031455,0.07284768204587519,20.27955946366936,20.324237749797888,132,🟢 LOW
104,20,12.887384870235461,77.7384770025872,19.488080825524264,0.2,0.3,0.03216812345334063,0.7157326390080627,0.0,0.2,10,0.05,0.25,0.05,0.45,0.05,0.045240042890931385,2546.479089470325,0.06578947368421052,0.07214050490258021,0.4542354149906288,0.05960264894662515,20.205652460869135,20.261490660213635,133,🟢 LOW
122,31,12.95010815483871,77.68973369677418,11.837281974850312,0.0967741935483871,0.06451612903225806,0.04137293757373214,0.8101094259009739,0.03225806451612903,0.06451612903225806,9,0.03225806451612903,0.2903225806451613,0.0,0.25806451612903225,0.2903225806451613,0.06462025655930331,2363.0584568109607,0.05921052631578947,0.06682102950371892,0.7051108313426814,0.052980132397000126,20.035270112486046,20.193631673091353,134,🟢 LOW
156,4,12.931217,77.545165075,6.638462259762165,0.0,0.25,0.5476676744201643,0.3708909791235274,0.0,0.0,2,0.0,0.5,0.0,0.0,0.0,0.14689618978532284,59.005032831258674,0.013157894736842105,0.0,0.875584018001759,0.006622516549625016,20.07790552553143,20.035557451887787,135,🟢 LOW
35,25,12.993782920000001,77.757326584,18.85765218525029,0.24,0.24,-0.009092987821696487,0.5599028459185992,0.16,0.08,18,0.12,0.56,0.04,0.12,0.08,0.157823507362731,319.4822649962676,0.11842105263157894,0.007554233176365114,0.47490764160328625,0.11258278134362526,19.288378806674757,19.493970230539055,136,🟢 LOW
45,28,13.068402449999999,77.44837054642858,17.858321748111326,0.21428571428571427,0.14285714285714285,0.05850724359875627,0.7005082046678514,0.03571428571428571,0.17857142857142858,9,0.10714285714285714,0.07142857142857142,0.03571428571428571,0.07142857142857142,0.0,0.38605686601444655,59.80060766338028,0.05921052631578947,2.307287182507735e-05,0.5076764340370897,0.052980132397000126,17.46985184093996,19.29472904068301,137,🟢 LOW
86,13,12.925555153846155,77.5166635923077,9.302135267373448,0.0,0.3076923076923077,0.5002047491477659,0.6991113981959894,0.0,0.0,6,0.15384615384615385,0.6153846153846154,0.23076923076923078,0.0,0.0,0.14597494176383158,194.19446989825948,0.039473684210526314,0.0039206978748096925,0.7882401879190561,0.03311258274812508,19.310077088403794,19.252967406594884,138,🟢 LOW
95,107,13.19743501869159,77.70395383271028,27.709450853415223,0.14953271028037382,0.056074766355140186,0.37659466913491846,0.5150650907308887,0.04672897196261682,0.102803738317757,25,0.009345794392523364,0.9345794392523364,0.028037383177570093,0.0,0.009345794392523364,0.4148092890883722,197.94154623875906,0.16447368421052633,0.004029368748538276,0.18465054300700023,0.15894039719100042,9.722508158809596,18.98790090362851,139,🟢 LOW
60,18,13.160774227777777,77.59561080555555,20.441158510460934,0.05555555555555555,0.6666666666666666,0.8359947552460715,0.31549781812229083,0.05555555555555555,0.0,6,0.2222222222222222,0.5555555555555556,0.1111111111111111,0.0,0.0,0.02433302509226533,2291.831180523293,0.039473684210526314,0.06475533090456624,0.42298328489400827,0.03311258274812508,19.112783662576792,18.85513732621315,140,🟢 LOW
154,11,13.023872427272726,77.7165659090909,15.256871022474455,0.09090909090909091,0.2727272727272727,-0.24759480588113092,0.8389004088899451,0.0,0.09090909090909091,7,0.0,0.7272727272727273,0.0,0.0,0.09090909090909091,0.07365931288917967,645.3383670037956,0.046052631578947366,0.017004552331119093,0.5929799489577583,0.0397350992977501,17.85210930372184,18.242352545696455,141,🟢 LOW
94,19,13.175530910526316,77.63548555263158,22.735423683283436,0.10526315789473684,0.10526315789473684,0.7730888547023834,0.2842065140390975,0.0,0.10526315789473684,3,0.0,0.8947368421052632,0.05263157894736842,0.0,0.0,0.01626184653482962,2419.155134996809,0.019736842105263157,0.06844791790357323,0.34775261399443846,0.013245033099250032,13.167390263822124,18.149185562132583,142,🟢 LOW
140,27,12.920503966666665,77.7363625074074,17.665738725506326,0.07407407407407407,0.4444444444444444,0.02609359100132314,0.8033031898823012,0.0,0.07407407407407407,12,0.037037037037037035,0.4074074074074074,0.037037037037037035,0.0,0.037037037037037035,0.10748932715593787,743.8462924963208,0.07894736842105263,0.019861430963870864,0.5139913753813011,0.07284768204587519,17.99975070811655,18.058438470432996,143,🟢 LOW
91,49,13.116474926530612,77.5781159755102,15.491030160322165,0.10204081632653061,0.16326530612244897,-0.26223687518055133,0.6465449967160445,0.061224489795918366,0.04081632653061224,13,0.30612244897959184,0.3877551020408163,0.16326530612244897,0.10204081632653061,0.0,0.11316487334054613,1217.931671002432,0.08552631578947369,0.033610623033263475,0.5853016956999293,0.0794701985955002,17.860781175505565,17.897470205529057,144,🟢 LOW
155,10,12.948854072215955,77.49966429687359,9.681774245627022,0.0,0.0,0.9659258262890683,0.25881904510252074,0.0,0.0,1,0.8,0.1,0.1,0.0,0.0,0.018925119612354862,1273.2395447351626,0.006578947368421052,0.03521463491251029,0.7757915418898322,0.0,16.748343059734506,17.691996193854845,145,🟢 LOW
114,10,12.93869526,77.71804882,15.134693512942025,0.2,0.0,0.4281440972856684,0.6104884260053753,0.2,0.0,4,0.0,0.1,0.0,0.0,0.2,0.11428564192528588,243.70631521650108,0.02631578947368421,0.005356616175297387,0.5969862408719817,0.01986754964887505,17.325881880063797,17.334816725649233,146,🟢 LOW
113,43,13.097930583720931,77.56693094418604,13.54529168934327,0.023255813953488372,0.2558139534883721,0.01990831927177165,0.6308292357679043,0.0,0.023255813953488372,14,0.27906976744186046,0.23255813953488372,0.23255813953488372,0.09302325581395349,0.023255813953488372,0.20693945540249678,319.618551690644,0.09210526315789473,0.007558185696359273,0.6491039153826539,0.0860927151451252,17.247076842197835,17.269314063566807,147,🟢 LOW
108,15,12.918631126666666,77.68680031333334,12.898419107576094,0.0,0.0,0.16102770460481636,0.8845857813467177,0.0,0.0,7,0.06666666666666667,0.3333333333333333,0.0,0.06666666666666667,0.5333333333333333,0.23016376309422856,90.12960907266964,0.046052631578947366,0.0009026597238035193,0.6703153511353102,0.0397350992977501,13.83525110601683,17.026672883351953,148,🟢 LOW
111,22,13.248408386363637,77.71558661363636,33.34062899954706,0.13636363636363635,0.4090909090909091,-0.15183905331590697,0.7544734478020957,0.0,0.13636363636363635,11,0.13636363636363635,0.45454545454545453,0.22727272727272727,0.0,0.13636363636363635,0.055941951076105834,2237.677988937941,0.07236842105263158,0.06318480655170851,3.2790770099211386e-11,0.06622516549625017,10.373719884928114,16.79161108769082,149,🟢 LOW
34,10,12.92360921869626,77.65512878149609,9.738749499955228,0.0,0.0,-0.37764571353075677,0.9093929901573834,0.0,0.0,3,0.8,0.0,0.2,0.0,0.0,0.0680569218870584,687.2353994503027,0.019736842105263157,0.01821962955636445,0.773923280688573,0.013245033099250032,16.24860297923672,16.374583807989023,150,🟢 LOW
128,16,12.84050255625,77.6634438625,17.471637709020136,0.0,0.3125,0.31281148984682,0.7741453270569023,0.0,0.0,12,0.375,0.1875,0.25,0.0,0.0625,0.08892662083562887,644.0306415542369,0.07894736842105263,0.016966626317799147,0.5203560928801856,0.07284768204587519,14.854430599185436,16.23974724627344,151,🟢 LOW
97,19,12.843111042105264,77.68740289473685,18.652586495067236,0.05263157894736842,0.3684210526315789,-0.4785519859431837,0.758700463982389,0.0,0.05263157894736842,9,0.10526315789473684,0.15789473684210525,0.2631578947368421,0.10526315789473684,0.0,0.09983733028402365,606.7612116511705,0.05921052631578947,0.015885756556177886,0.48163189895317904,0.052980132397000126,15.718440782499806,15.918755576468316,152,🟢 LOW
48,14,13.050711485714286,77.51537028571428,11.051324595908792,0.0,0.0,0.029568274060745643,0.4893606466071681,0.0,0.0,2,0.0,0.35714285714285715,0.0,0.07142857142857142,0.0,0.0908385546604478,540.0546775546181,0.013157894736842105,0.013951166309022305,0.7308829616163132,0.006622516549625016,15.172175218638294,15.374586051946288,153,🟢 LOW
121,105,13.054274614285713,77.7629146247619,21.178373934709423,0.11428571428571428,0.08571428571428572,0.735346118139011,0.3146678449502063,0.08571428571428572,0.02857142857142857,27,0.24761904761904763,0.13333333333333333,0.38095238095238093,0.01904761904761905,0.009523809523809525,0.15142101873650765,1457.6964594189963,0.17763157894736842,0.04056416405535625,0.3988094397689069,0.17218543029025044,14.832074554503825,14.855730525328912,154,🟢 LOW
142,42,12.806362238095238,77.69840978095237,22.686930574181606,0.023809523809523808,0.5476190476190477,0.23693769074476523,0.7945119007580552,0.023809523809523808,0.0,8,0.11904761904761904,0.6428571428571429,0.21428571428571427,0.0,0.0,0.1301139238919712,789.6813279551335,0.05263157894736842,0.021190716224716584,0.34934273930992177,0.04635761584737511,14.26353458396584,13.775614960604432,155,🟢 LOW
153,19,13.085203484210528,77.48646901578948,15.996823325270004,0.0,0.0,-0.25881904510252157,0.9659258262890681,0.0,0.0,1,0.6842105263157895,0.0,0.3157894736842105,0.0,0.0,0.004129190925959307,2419.155134996809,0.006578947368421052,0.06844791790357323,0.5687163595381853,0.0,13.77000431738877,12.6402996174793,156,🟢 LOW
88,86,13.24478781395349,77.71324983837209,32.86873579318441,0.0,0.18604651162790697,0.29886171158805497,0.7277889506918582,0.0,0.0,31,0.10465116279069768,0.6395348837209303,0.1511627906976744,0.06976744186046512,0.0,0.09969297099597796,2754.352378127202,0.20394736842105263,0.0781691442604229,0.01547373119872053,0.1986754964887505,6.892614754255787,9.203238694078124,157,🟢 LOW
